OBJECTID,NameplateC,OperatingM,OperatingY,Shape__Area,Shape__Length
1,3.3,10,2020,190110.599205017,1702.73987028159
2,3.3,10,2020,309871.836708069,3943.53102617789
3,0,6,2022,541180.692489624,3401.31404357833
4,1.8,12,2020,227262.532539368,2519.6304372652
5,0,10,2021,701701.361633301,4422.93901100904
6,2,12,2017,375593.519245148,2339.8187144035
7,4.8,11,2020,176402.35067749,2375.78552401906
8,4.8,11,2020,457020.608547211,3188.39533887614
9,0,3,2020,309244.377323151,2338.62758436956
10,0,9,2019,151164.369255066,1630.03743744354
11,1.2,8,2016,199482.163665771,2164.15858269571
12,0,9,2019,148261.669067383,2453.27627584646
13,0,9,2019,26330.3436203003,699.671568907164
14,0,3,2020,29040.5475997925,696.600503213897
15,0,10,2021,112751.636756897,1464.52371295096
16,0,5,2023,107824.094581604,2179.33945238722
17,0,6,2019,116076.72743988,1813.9424157772
18,0,9,2014,181935.534088135,1634.27922831948
19,0,2,2018,136008.684257507,1572.4361741671
20,0,6,2022,182673.647949219,1851.21675758218
21,1,11,2015,248158.243766785,2001.916886073
22,0,10,2021,1860568.41910553,7755.43859397119
23,2,12,2018,336585.984611511,2608.68604468318
24,1.8,6,2023,323640.963531494,2458.13770944806
25,0,9,2019,34021.8515853882,794.600562751521
26,0,10,2021,621757.745704651,5014.01750322342
27,3,1,2019,413162.065551758,2957.93567883334
28,0,11,2020,45114.8763046265,908.29206290752
29,0,9,2019,133436.330963135,1503.49483133771
30,0,9,2019,25394.0868339539,854.338534484213
31,0,9,2019,68149.226890564,1055.40001945845
32,0,10,2021,33797.3421287537,806.68147074065
33,0,9,2019,173229.688724518,1696.494293242
34,0,9,2019,120228.277008057,1860.21675844215
35,0,2,2018,31384.9992218018,710.258153353326
36,0,2,2018,31647.1160202026,745.661475834806
37,0,7,2023,128530.992523193,1552.46390357302
38,0,7,2023,30146.5965194702,713.647605773072
39,0,2,2018,36052.8525543213,888.468834944684
40,0,10,2021,126838.636222839,1530.64861078798
41,9.6,12,2021,248694.4740448,2563.75076578089
42,0,2,2018,168634.564537048,1840.6101075226
43,0,9,2023,448414.844299316,3450.5502693333
44,2.4,7,2020,361390.968551636,2690.00036728199
45,0,7,2023,489293.515708923,3134.81787573469
46,0,7,2023,803414.576789856,4717.15981401048
47,2.5,8,2019,437315.135482788,2798.05900631479
48,2,10,2018,390799.187461853,2948.61666579147
49,0,5,2023,512654.752334595,4782.57794350726
50,0,5,2023,465957.925170898,3238.21517800827
51,0,2,2018,33294.676651001,746.146601593447
52,3,9,2023,641031.677436829,4503.49378941472
53,5,8,2020,698176.560546875,4743.63294609964
54,0,11,2020,62947.6391296387,1040.25849561844
55,1.6,12,2018,501973.111076355,3684.84127687537
56,1.5,7,2015,205294.48160553,1822.24934060132
57,2,6,2019,434126.882301331,3238.29371798626
58,0,5,2023,338088.382202148,2951.32677449145
59,4.3,12,2021,535811.298377991,3594.21404122547
60,10,9,2019,1897299.9599762,6160.94946045216
61,16.2,5,2019,2562022.16146851,8463.28259675411
62,0,5,2023,112060.052017212,1447.37787318094
63,0,10,2021,35082.8623695374,886.749984849956
64,1.8,1,2020,274094.372982025,2198.45914610059
65,1.9,5,2013,344535.708667755,2929.58938314206
66,3,12,2020,695392.975040436,3301.70866573945
67,10,11,2023,5673745.24353027,13790.5014384947
68,0,8,2016,199778.909412384,1775.20481833423
69,40.7,12,2023,1870970.72169876,6399.32905243262
70,0,5,2023,330043.218864441,2548.97808871298
71,0,10,2023,1195747.04785919,4781.56131732722
72,0,10,2023,544911.635047913,3901.3588932834
73,0,5,2023,2466675.52223206,6493.20607370631
74,0,12,2019,460331.318077087,3081.59394421286
75,0,12,2019,155013.484928131,1681.84010550433
76,0,12,2019,122515.94839859,1590.12023652159
77,0,12,2019,226674.48154068,1999.01627616828
78,24,12,2019,1912960.08404922,6655.79790926501
79,10,12,2022,2859023.5266037,9359.24031774696
80,0,2,2018,58531.4871330261,988.20922898078
81,0,9,2019,104631.464519501,1457.43611022227
82,0,3,2020,28418.8179512024,672.554767086657
83,0,9,2019,30845.4106674194,734.594979971218
84,3.1,10,2018,76682.1831245422,1110.24880851958
85,3.1,10,2018,56423.6731491089,938.863016327743
86,3.1,10,2018,112503.77703476,1523.12466533508
87,0,3,2020,33974.9982719421,906.653609224965
88,0,2,2020,31309.6173248291,804.391230701495
89,0,9,2019,33741.2203826904,794.06410692628
90,0,9,2019,29735.6801338196,704.622582151752
91,0,10,2021,23708.1087722778,622.893572779868
92,0,9,2019,27989.2306060791,679.283451486206
93,0,10,2021,31252.4609832764,790.78512287482
94,0,2,2020,153495.956710815,1606.93621724204
95,0,2,2018,41093.158821106,782.039976905765
96,0,2,2018,33155.5973091125,777.726989688749
97,0,2,2018,37225.0239753723,778.592602711589
98,0,11,2022,13045.2084465027,506.257692846952
99,0,9,2019,33223.1506538391,908.35164875107
100,0,9,2019,26455.502456665,690.077493612236
101,1.3,1,2020,208650.356182098,2384.63112591358
102,2,12,2017,82151.0091285706,1160.38854725477
103,2,12,2017,374042.867095947,2551.26848068749
104,0,10,2021,540061.006427765,3050.74667228155
105,1.5,12,2017,263969.560756683,2142.89756928925
106,3,12,2017,537148.190299988,3110.91167020006
107,0,3,2020,33920.2253990173,819.600738574223
108,0,12,2022,961184.22313118,5154.77125517792
109,0,9,2019,116403.992050171,1563.23616278196
110,2.5,9,2020,234035.546392441,1977.01790972818
111,4,12,2018,734604.9621315,5030.70803347802
112,0,11,2022,491352.075935364,3295.04945854109
113,0,3,2020,117558.662776947,1575.43057047512
114,3.8,10,2018,596892.985488892,3497.97126055865
115,3.1,10,2018,220150.311496735,1886.71132532845
116,0,9,2019,160393.919763565,1725.53999334503
117,0,2,2020,2154686.65386391,7197.65892612068
118,0,10,2021,101666.970561981,1303.38330494903
119,0,10,2021,34996.3760719299,738.23396481384
120,0,2,2018,32639.6215820313,732.593424338862
121,0,2,2018,35703.5993728638,751.991147635629
122,0,10,2021,143208.964096069,1771.74908180096
123,3.8,12,2020,252509.5651474,2187.26160567953
124,4.5,12,2019,236170.011917114,1942.23586618403
125,4.5,12,2019,91348.3195114136,1217.05011160507
126,4.5,12,2019,170694.168556213,1826.85617752276
127,4.5,12,2019,122085.065238953,1488.45582853307
128,4.5,12,2019,49860.3987350464,916.631185682189
129,0,10,2021,543709.384735107,3356.96743102876
130,0,3,2020,130524.630496979,1782.61373844707
131,0,4,2013,65295.0049591064,1094.28939172342
132,2.4,11,2020,326354.410873413,2731.49834135638
133,0,10,2023,1683522.95909882,5326.21036698431
134,3,3,2021,616096.379333496,3095.26823700164
135,0,10,2021,170976.767536163,1946.07970067827
136,2.6,11,2020,1220530.48064041,5855.57628365397
137,0,11,2020,352396.053611755,2439.54013863057
138,4.7,12,2018,751559.961448669,4442.48551099591
139,8.4,12,2023,1912670.78603363,6684.99699493441
140,1.9,9,2022,256733.541873932,2029.22936275678
141,0,10,2021,348782.972616196,3072.55360447116
142,4,12,2020,265469.470907211,2103.89155499678
143,0,9,2019,130640.888389587,1682.55701040701
144,3,12,2013,418848.176300049,3164.91781496874
145,3,12,2013,644955.585029602,3453.52808797261
146,9.6,12,2021,1342095.46413422,7475.62396598942
147,9.6,12,2021,3942755.84371948,10943.7264881084
148,0,5,2015,14258.8959655762,479.912663939893
149,0,2,2018,31907.3717498779,784.71976223786
150,2,12,2020,147249.987258911,1549.7339460245
151,2,12,2020,10839.3262176514,447.18031778725
152,2,12,2020,108815.001426697,1352.05047770077
153,0,8,2016,75321.7962837219,1386.54070157729
154,0,2,2018,24277.3546142578,736.098360200978
155,0,10,2021,75751.654548645,1354.73639840966
156,0,4,2013,72605.3307723999,1138.21512222674
157,2.2,10,2015,280980.449985504,2304.46061846777
158,2.2,10,2015,271700.091915131,2511.11483147484
159,2,12,2015,405810.579368591,3303.15617896781
160,5.8,4,2017,738900.704353333,4821.68310337218
161,1.5,12,2010,354128.63986969,3457.55141514117
162,2,11,2017,341264.947563171,2340.7174592428
163,1,11,2017,239418.534919739,2030.72546002915
164,2,11,2017,466065.682159424,2673.79891606014
165,0,5,2017,303566.587188721,2493.32297945571
166,2,11,2017,360501.778762817,2345.01671454348
167,1.9,8,2018,311751.852386475,2692.57185601596
168,2,5,2016,470218.789894104,3533.30924595371
169,1.2,8,2018,198222.098632813,3115.87279186663
170,1,11,2017,187825.939315796,1804.15896534948
171,0,5,2016,424577.735771179,2965.0610383776
172,1.9,8,2018,356883.374092102,2730.13003126652
173,1.8,12,2011,347938.222106934,2738.70089378548
174,0,1,2019,385858.583717346,2429.0216589548
175,5,11,2018,1105532.7092514,4575.66819669084
176,0,10,2018,200994.62515831,1854.09248836654
177,4.8,6,2014,740177.03506279,3656.11460015334
178,3.9,5,2020,1442786.70029449,8456.65073110523
179,4.7,6,2020,875317.617954254,3711.85044679132
180,0,10,2014,1317249.33052444,5264.45982482338
181,2,1,2018,446336.359630585,2858.82480654307
182,0,4,2023,165197.695039749,1586.09042400815
183,0,1,2019,292747.529100418,2373.07346288432
184,0,4,2023,172824.640729904,1862.30423043626
185,4,6,2018,656770.841171265,3685.745451139
186,1.3,11,2021,366543.760665894,2515.17871795732
187,0,10,2018,234466.602298737,2701.54300895696
188,0,6,2012,580674.870851517,3298.00277912534
189,4.5,12,2017,873777.868848801,5414.3275692145
190,1.9,3,2012,414355.682956696,2756.61722206019
191,1,9,2020,214924.509426117,1773.4605279156
192,0,11,2022,483431.288288116,2906.45572315685
193,0,11,2022,447125.931657791,2982.31474876924
194,1.1,9,2018,188857.741378784,1931.3895591294
195,0,12,2019,545304.346055984,3687.21299958236
196,0,3,2020,1006127.48880386,4992.81156358335
197,0,9,2020,860501.330149055,4063.34151566087
198,2.4,11,2017,272053.476269193,3549.70792971122
199,2.4,11,2017,287146.51611241,2223.20271296088
200,2,12,2020,528915.999270827,3075.61122946458
201,1.9,6,2012,547638.183198512,3024.07034930966
202,0,9,2020,105023.628279686,1424.00681537427
203,0,9,2020,252368.541157722,2073.54032891222
204,0,6,2018,271649.731742501,2133.89842374946
205,2.7,12,2011,744837.5246768,5267.80543049468
206,2,8,2016,396911.546058655,2980.30818487749
207,3.6,2,2019,695164.47165823,3789.32639650216
208,1.5,1,2015,358510.109750748,2689.35164510108
209,3.3,3,2015,1093707.13059998,5355.66732805576
210,2,1,2020,1069450.97901106,4667.1492950607
211,2.6,12,2021,709846.493045568,4993.78662893134
212,0,10,2018,278516.539482117,2255.7723057402
213,0,10,2018,290619.063861847,2271.66583094563
214,2.2,2,2016,489269.750080168,2968.3857320713
215,0,5,2023,539398.884895563,3048.75786010785
216,2,6,2014,356475.891775131,2798.55900115007
217,1.5,3,2013,350951.384951591,3060.42646400476
218,0,10,2018,111854.594388008,1493.90051102862
219,1,10,2020,197686.48639679,1785.0074316255
220,2,12,2019,457986.902770042,2793.83848964049
221,2,12,2019,755311.894826889,4191.19636571978
222,1.9,12,2016,424852.530200958,3489.66427635194
223,2.7,7,2014,444477.590013504,2793.98503551037
224,2.5,8,2022,473009.657043457,4281.63037206298
225,0,5,2023,177380.790912867,2039.83786204299
226,0,5,2023,168061.039203405,1843.64175840283
227,5,11,2022,454190.62130475,3787.0973414159
228,3.1,3,2019,794947.925792694,4222.81485579457
229,4.5,3,2021,94685.8584280014,1345.86505656338
230,0,3,2022,226727.257346153,2222.49280369375
231,0,3,2022,305532.132976532,3135.256709392
232,1.5,3,2012,272006.78356266,2577.22345939923
233,1.8,4,2017,358882.058344841,2514.17249995797
234,0,2,2020,379068.207050323,2901.94308288972
235,0,5,2021,440319.074071884,3276.13826218012
236,0.5,3,2017,185279.006212234,2049.7436822403
237,0.5,3,2017,91617.2011756897,1249.43459470722
238,0,9,2017,81948.8370304108,1377.55997418458
239,0,9,2017,77571.2542457581,1219.90737851383
240,3,7,2017,295050.895736694,2183.05939742291
241,3,7,2017,314851.799722672,2863.91227453274
242,3,12,2013,667225.634887695,3758.22546263202
243,1.6,1,2015,358870.290964127,2912.26686174191
244,1.5,3,2013,319613.455265999,3645.03548310519
245,2,1,2015,394057.405423164,3120.25155249035
246,0,10,2014,109462.386445999,1307.20481517573
247,0,10,2014,605783.226236343,4110.62754128534
248,0,9,2017,238764.769990921,2554.21960568947
249,2,4,2017,438754.018751144,3225.04875455579
250,0,9,2022,1302728.45584488,5847.35041160551
251,3.7,12,2020,592055.061038971,3116.48924495016
252,5,12,2022,1022968.47782516,4369.13662617983
253,1.9,12,2011,467219.156242371,2806.65530508136
254,3.5,12,2019,879059.673059464,3836.62550654855
255,0,6,2018,563152.062892914,3593.95452610324
256,5,10,2019,214802.490224838,1926.66186109334
257,5,10,2019,277072.608879089,2193.34554289726
258,3.5,11,2019,362489.766611099,3043.22000993459
259,3.2,7,2015,479548.734615326,3335.16917327198
260,0,9,2015,130664.807880402,1706.2822747502
261,0,5,2021,203911.149835587,2091.34281552694
262,1.9,8,2018,269922.897777557,2115.23309193744
263,4,12,2020,473814.094497681,3634.64664572569
264,5,9,2021,1081365.21635437,6697.84761941858
265,5,9,2021,657831.376834869,4988.72832571249
266,2,7,2013,551775.119865417,3592.48661294397
267,3.3,1,2020,679369.682319641,3845.86309170838
268,0,9,2013,268426.091636658,2657.38763100137
269,0,9,2013,156790.459693909,1634.78644596533
270,1,12,2015,199731.45375061,1924.59627653548
271,2,3,2019,352296.532371521,2390.18986958558
272,0,10,2014,148951.449764252,2237.48085225314
273,3,7,2014,318073.227645874,2691.31426290675
274,2,8,2017,513722.986690521,2839.76897154754
275,1,9,2013,183772.332382202,2184.69558333574
276,2.2,11,2020,952844.025081635,4382.43378781844
277,0,7,2023,867446.826324463,6187.69847666251
278,2.5,12,2013,445944.943325043,3066.86636823155
279,1,4,2014,628989.653202057,3752.13357373859
280,0,9,2019,577467.851676941,3268.81602460178
281,4.8,12,2015,852734.963069916,4192.48691632071
282,4.8,12,2015,244595.61932373,2593.41638871017
283,4,12,2016,994609.427131653,5869.82345685975
284,0,12,2021,233574.613010406,2202.67794344242
285,2,6,2021,583487.320941925,3450.27901883361
286,0,6,2014,499591.545211792,2881.57728165576
287,0,6,2016,832213.43447113,3846.94332439019
288,1.9,12,2021,311021.865699768,2337.96529850237
289,0,9,2019,620523.035953522,3306.45143844287
290,0,9,2019,331874.832416534,2517.73822851739
291,2.5,7,2012,560858.572410583,4317.25129756288
292,0,10,2013,713863.803092957,5173.725944763
293,0,10,2017,177825.293693542,1710.36181478326
294,1.9,12,2015,375869.543067932,3072.01252207047
295,1.9,12,2015,100100.815925598,1232.07797697023
296,2.5,7,2021,672825.717979431,3948.95541690424
297,0,4,2016,223841.695930481,2230.4103436661
298,0,4,2016,208759.509418488,1827.94614895654
299,5,5,2014,971877.418697357,5077.82537020052
300,5,5,2014,957374.57964325,5618.07136814471
301,0,12,2013,199348.604515076,1971.17144987937
302,4,12,2013,452776.155563354,3278.43550042711
303,0,12,2013,223408.148445129,1983.90765659574
304,0,12,2013,789100.053340912,6090.0935999582
305,0,12,2013,157917.29920578,1687.12444186617
306,1.5,7,2020,525703.494228363,3650.53982659017
307,3.4,12,2021,542975.550380707,3952.2436838909
308,1.4,1,2016,331217.118560791,2696.0914761508
309,1.4,6,2016,316475.034381866,2256.62322051446
310,1,11,2017,150044.345794678,1685.44400896429
311,1,11,2017,174946.155601501,2171.39214388411
312,2.8,7,2015,566375.082015991,3265.22485836297
313,0,9,2017,191951.428981781,1818.57814893081
314,4,6,2017,257765.088451385,2613.2482543291
315,4,6,2017,537282.07036972,3797.37693985892
316,0,9,2017,139593.752029419,1583.89021765111
317,0,6,2022,246427.198608398,2341.8228981202
318,1.5,4,2014,324990.90952301,2600.3033322257
319,2,5,2014,330253.068695068,2750.15927561056
320,0,9,2017,199701.597465515,1717.64800316844
321,1,3,2018,74169.2208633423,1130.38851855865
322,1,3,2018,54195.951675415,941.301548018158
323,1,3,2018,139449.421035767,1474.81983909967
324,1,3,2018,99499.7607116699,1294.4339850835
325,3.3,9,2021,940014.804145813,4015.00682612488
326,2,12,2013,435212.043167114,3633.82634072014
327,0,5,2015,70270.4240570068,1362.92884262048
328,0,5,2015,78242.6867828369,1137.06517509623
329,3,12,2014,670858.060043335,4315.30786453158
330,0,5,2015,475639.790489197,2791.19946605144
331,0,7,2014,191588.02520752,1733.45775146919
332,0,7,2014,244617.158866882,2070.5025299359
333,5,7,2014,521997.910346985,2941.83251414942
334,1,9,2017,129634.083175659,2088.98302604061
335,0,8,2016,301292.751548767,2294.78532269287
336,0,8,2016,236011.968284607,1959.30757952458
337,0,8,2016,297059.91986084,2330.40097494145
338,0,8,2016,335141.55090332,2472.06240319008
339,0,4,2016,298567.021125793,2795.81555488411
340,0,4,2016,275142.3463974,2305.30882764289
341,0,8,2016,95562.8278961182,1304.09007188034
342,0,8,2016,70882.5992355347,1040.33389676238
343,14.7,12,2016,611916.340629578,4294.35385190012
344,1,10,2021,211290.098983765,1927.98204986047
345,3,6,2014,508760.020423889,3800.19080773343
346,1.5,9,2021,192102.401878357,2160.53557599004
347,4.3,12,2021,651957.82723999,5402.46995920008
348,4.3,12,2021,450276.362968445,3018.65923550734
349,2,12,2013,428381.059211731,3707.96871434977
350,0,7,2021,186097.173309326,2524.72010249539
351,0,7,2021,391571.496276855,4047.53969120035
352,0,7,2021,259241.004898071,2375.75351912166
353,0,7,2021,336352.583770752,2483.19187924107
354,0,7,2021,300415.982398987,2278.04600281896
355,0,7,2021,522692.263671875,2982.38560822307
356,2,6,2013,264991.704429626,2543.10908986083
357,2,6,2013,290434.951179504,3079.0230000785
358,1,12,2017,397348.905677795,2933.22140662782
359,0,4,2016,532719.9765625,3153.3686431442
360,0,4,2016,102227.420173645,1203.85927342873
361,0,4,2016,204350.757461548,2823.23174658152
362,0,4,2016,555763.413223267,3784.56245314512
363,0,4,2016,334965.282577515,3411.74044032674
364,1,12,2020,159935.91153717,1883.61995521043
365,1,12,2020,29553.4425735474,873.019386466121
366,0,7,2021,717508.697120667,4265.61529233728
367,0,6,2021,888508.304855347,5049.72701129019
368,0,9,2017,457091.960456848,3315.8705218058
369,0,9,2017,169829.160316467,1715.57856166041
370,0,9,2017,176792.586891174,1675.47721420503
371,1,6,2018,101768.649810791,1869.59747196165
372,1,6,2018,185656.624519348,2006.42350275841
373,2.9,8,2020,515390.51600647,3293.81121453125
374,2.9,8,2020,564187.605377197,3061.68516252084
375,0,9,2017,91261.6671142578,1666.16483330864
376,0,9,2017,134557.380722046,1490.75363502507
377,1,8,2018,154979.07258606,3103.69580772337
378,1.3,6,2020,366391.916061401,4051.53794420016
379,2,10,2016,371053.936920166,2727.57734961238
380,2,10,2016,408974.48727417,3016.08032690829
381,0,9,2017,425362.700592041,2564.67522701482
382,2,3,2018,194275.705291748,2527.45219159584
383,2,3,2018,306157.87071991,2317.80428213084
384,0,5,2015,684020.683677673,3900.47965898378
385,0,6,2022,252871.557434082,2172.2932696647
386,0,6,2022,60524.0990982056,1000.04856318211
387,0,6,2022,144117.787574768,1769.71908287297
388,0,6,2022,70559.8882446289,1261.84408303369
389,1.4,6,2020,40682.0676879883,920.292540067811
390,1,12,2017,182594.125511169,1653.53853000025
391,2,11,2017,505196.503456116,3370.09976188117
392,0,7,2021,222993.847682953,2405.05760236198
393,0,7,2021,175121.822280884,1790.73055480472
394,0,4,2016,118928.358573914,1578.38189400885
395,1.3,7,2020,484893.944816589,3066.45483857092
396,0,9,2017,85341.217048645,1175.09359813191
397,1.9,3,2016,203412.306663513,1930.94026644359
398,1.9,3,2016,120243.105133057,1439.55291076148
399,1.9,3,2016,328445.292663574,4098.98330416313
400,1,10,2017,200954.519786835,2720.99115665666
401,0,7,2021,229229.326965332,2580.91986914566
402,0,1,2021,119441.024551392,1468.62563444325
403,3.7,1,2021,57527.4148025513,954.264603099219
404,3.7,1,2021,198396.851531982,1964.87578844911
405,0,7,2021,416390.613658905,2881.83616087386
406,0,7,2021,468851.159309387,2970.23797119197
407,1.8,12,2020,606107.450408936,4100.28862283123
408,1,11,2017,187578.539413452,1766.77144187592
409,1,11,2017,195565.144256592,2333.18409477913
410,1,11,2017,152626.472679138,1535.72399031431
411,0,7,2021,742948.511497498,5054.70699190176
412,1,11,2017,303089.907920837,2732.80404060942
413,1,11,2017,430858.5181427,2861.55021896807
414,3,7,2018,259200.422729492,2804.38677901204
415,0,9,2017,176630.826919556,1844.89855019863
416,0,9,2017,231297.884185791,2898.7785803487
417,0,1,2014,308834.738651276,2389.75611387801
418,0,1,2014,266522.844047546,2766.61244941035
419,0,1,2014,75354.7218856812,1304.27021750332
420,0,12,2016,85689.73021698,1195.47771330724
421,0,12,2016,126410.242027283,1460.9252529622
422,0,12,2016,97141.9817657471,1299.04355792061
423,1.9,8,2017,80434.0008163452,1183.4389252621
424,0,5,2015,153870.779281616,1583.99748473929
425,0,9,2019,57130.761138916,988.892084199244
426,0,9,2019,277785.074127197,2743.32468396601
427,0,5,2015,271159.775733948,2250.58829696858
428,2,12,2020,456386.096389771,2688.1329523274
429,0,5,2015,113976.463195801,1338.08947618743
430,2,10,2018,342143.804382324,2829.6380539392
431,3.1,9,2018,525488.39680481,3486.80151674526
432,0,9,2019,1025007.6526947,7677.61338532091
433,0,9,2019,673597.91847229,5195.99787680475
434,0,9,2019,186472.657463074,1790.53089717794
435,0,9,2019,186977.953666687,2105.0014724981
436,0,9,2019,469959.473068237,3791.87733134584
437,0,9,2019,516115.545043945,3244.44991783187
438,1.9,4,2014,402104.691711426,3533.26560677493
439,3.3,10,2019,1060100.0214386,5194.66804502784
440,2.5,10,2019,433474.06817627,3749.53481591048
441,0,12,2019,949457.298294067,3932.87290983947
442,0,12,2020,718846.429008484,4096.26166676905
443,2,5,2014,433656.390350342,3720.61100950647
444,0,5,2015,186084.135070801,1791.15989214051
445,5,6,2020,829799.948722839,5323.43310320385
446,0,6,2022,1264401.11728668,7616.80797092695
447,2.6,12,2013,588680.411315918,2972.7048049143
448,1.5,10,2018,151906.763320923,1628.72651290103
449,1.5,10,2018,66936.2951278687,1155.90717416865
450,3,4,2021,523092.802001953,2881.60683638946
451,2,6,2021,607920.101341248,3690.89049424255
452,1,11,2017,211151.203315735,1895.76766788494
453,2.9,4,2018,112088.640892029,1375.52866134878
454,0,9,2017,79854.1453704834,1783.83623766045
455,0,9,2017,289463.666610718,2116.37344833949
456,0,9,2017,121679.75479126,2630.89265159895
457,0,5,2015,191350.291748047,1808.27572009572
458,1.7,8,2020,367938.487136841,2602.63964759024
459,0,6,2022,214645.479316711,2453.57880799002
460,0,6,2022,724244.427558899,5101.29225118525
461,4,5,2014,96381.0721969604,1248.20959071748
462,0,5,2014,680087.53338623,3693.63531709463
463,0,4,2016,95017.9905014038,1234.73852579438
464,0,11,2016,483295.867851257,3272.07420127507
465,0,11,2016,439086.180709839,2624.74242791439
466,0,11,2016,213248.2837677,2150.23372966767
467,0,4,2016,223043.919189453,1966.03427036893
468,0,11,2016,215578.545845032,2633.46358486587
469,0,11,2016,105027.568893433,1387.50884846259
470,0,11,2016,410339.739997864,2898.62888163521
471,0,11,2016,441545.13193512,2725.30323481433
472,11.9,11,2016,152329.132545471,1586.50950721712
473,11.9,11,2016,65522.6993713379,1056.9745154289
474,11.9,11,2016,48604.8672637939,993.33339923792
475,0,11,2016,396182.674530029,3228.72240808286
476,0,11,2016,200213.538711548,2222.50818701793
477,0,11,2016,46247.4119110107,1172.26249949703
478,0,11,2016,214993.839675903,1864.87216092907
479,0,11,2016,211780.078689575,3013.5955478686
480,2.8,7,2014,606187.597137451,4560.43462731768
481,0,12,2017,248512.530326843,2179.1409898132
482,0,3,2022,193659.592597961,1781.17703984124
483,4,2,2020,1109786.4642334,5141.88604948116
484,1,5,2018,302216.844207764,2575.37774658859
485,2.9,2,2023,849623.934051514,6577.39502878392
486,0,12,2017,243507.902084351,2056.69752021003
487,0,12,2017,143231.98828125,1727.72265676729
488,5,1,2022,722883.703605652,4445.56936319708
489,1.5,12,2016,79030.229385376,1128.15963038949
490,1.8,7,2018,166865.578735352,1653.20897819238
491,1.8,7,2018,172215.211532593,1698.58846388923
492,4,3,2020,724082.025489807,3653.50853152993
493,3,4,2014,148131.671104431,1555.053239483
494,3,4,2014,162460.619277954,1672.18256032442
495,3,4,2014,330821.811454773,2724.12193155629
496,3.8,4,2021,467727.553459167,3044.74896653588
497,3.8,4,2021,69677.8594818115,1078.40599359554
498,0,4,2021,270383.007637024,2352.58645891759
499,3.8,4,2021,130214.394882202,1398.5412718211
500,3.8,4,2021,248850.472015381,2012.91965594252
501,0,5,2015,133435.095924377,1545.99425089928
502,0,8,2019,237318.610481262,2310.04481790575
503,2.5,6,2014,420933.134765625,2816.51111220673
504,0,5,2015,103200.058258057,1278.85043322473
505,0,11,2016,128392.548431396,1505.53383741287
506,0,3,2021,299655.559616089,2132.0320902732
507,0,12,2020,828369.055404663,5221.89433786633
508,0,12,2021,285628.747848511,2701.281270982
509,1,7,2014,189656.134246826,2339.71001841235
510,2,5,2015,449758.02053833,4060.16976078187
511,3,11,2013,856031.304771423,3594.59598385622
512,0,6,2022,225403.328811646,1935.79836266688
513,2,2,2013,559018.202178955,3585.55523169012
514,6.5,5,2017,1105731.04496002,4772.83100143347
515,2,12,2012,401368.882339478,3093.2164094436
516,0,6,2021,1132100.55495453,5088.60286690209
517,3.4,7,2023,143644.020339966,1811.95462660822
518,3.4,7,2023,368101.020690918,3499.55875729398
519,0,8,2019,189333.561332703,2132.84440453315
520,0,11,2016,89742.6376266479,1296.12383555457
521,1,5,2017,174016.927444458,2781.65668272166
522,0,7,2014,152747.719100952,2579.43550180895
523,4.5,7,2014,661590.029495239,9044.41166718622
524,0,6,2022,651415.088607788,3526.27431369601
525,0,6,2022,914092.156219482,4137.14075459934
526,0,6,2022,747324.7212677,4481.15009986772
527,0,5,2015,67065.6560821533,1155.64881435705
528,4.9,12,2013,493189.900894165,3643.27130948965
529,4.9,12,2013,1028371.03314209,4437.07580081211
530,0,7,2021,830253.061958313,3933.347443134
531,2.5,10,2012,535889.509170532,3771.80604099711
532,3,6,2018,423988.541786194,3833.39819517994
533,1,2,2017,132132.520820618,1567.53921291448
534,2,8,2017,278086.592735291,2626.99084678426
535,0,5,2015,123200.046775818,1648.0281371942
536,0,5,2015,201171.11113739,1986.92869745524
537,1.3,3,2015,51525.6732635498,1144.13287473421
538,1.3,3,2015,348310.853675842,2439.1612398859
539,0,6,2022,452776.108062744,3292.55489637768
540,1.3,3,2015,67858.5988006592,1194.91429000657
541,1.8,4,2014,318899.810272217,3071.83961776972
542,0,4,2016,118287.919464111,1364.84324359027
543,1.9,8,2013,473995.129302979,3199.77353929035
544,0,5,2024,449869.333808899,2781.79340057696
545,1,12,2020,128922.285369873,1808.04365070371
546,1.9,11,2016,345753.817817688,2676.39033027678
547,0,10,2013,197518.503372192,2238.15625556584
548,3,10,2013,38004.8256149292,821.682750754093
549,3,10,2013,302954.760162354,2471.91543130784
550,0,7,2014,153349.904960632,1593.32120193634
551,0,7,2014,57266.9626693726,1226.37233491685
552,0,7,2014,148583.501777649,2005.82075966862
553,0,7,2014,161000.727676392,1786.30064785032
554,3,4,2021,268235.944160461,2303.49885823702
555,3,4,2021,253320.577056885,2260.59997677156
556,3,4,2021,76635.3375854492,2020.79153715691
557,3,4,2021,20772.0562362671,679.4644396093
558,3,4,2021,46435.7303390503,1030.64350675002
559,3,4,2021,150246.743972778,1676.67594115579
560,4,10,2020,163749.299263,2446.20032647036
561,4,10,2020,105040.728164673,1629.14208022157
562,4,10,2020,213442.66570282,1962.88136484049
563,4,10,2020,329022.65247345,3360.65519840608
564,0,10,2020,166398.593399048,2556.71521488344
565,0,4,2016,194646.265380859,2291.57078023959
566,0,4,2017,71812.1982727051,1213.06342265402
567,0,4,2017,81904.1609191895,1325.42310171117
568,2.5,1,2013,470541.986801147,4081.67094628943
569,3,6,2014,104348.404388428,2213.91297970921
570,3,6,2014,366125.151580811,2858.77304074674
571,3,6,2014,283369.388397217,2606.86683917548
572,3,6,2014,155249.456573486,1784.69536359177
573,2,8,2016,79695.3739776611,1246.91964111981
574,2,8,2016,117397.537414551,1717.36872718993
575,2,8,2016,210158.925186157,1933.06260163974
576,2,4,2017,115691.97555542,1597.53295362096
577,0,4,2017,32164.0320892334,887.636928679584
578,3.8,10,2013,132456.334716797,2604.06756369703
579,0,8,2013,124156.651382446,1494.73871136214
580,0,3,2022,869071.469491959,4477.66165964497
581,2,12,2017,74329.8300704956,1080.18709490853
582,2,12,2017,160438.738685608,1928.72474989101
583,1,12,2017,150901.307533264,1691.15154144673
584,1,12,2017,210086.539024353,2478.28709351583
585,2,12,2017,137361.217689514,1579.60183554156
586,1.3,3,2020,324380.576080322,2403.9677163837
587,0,5,2016,91642.4564819336,1486.11612991765
588,0,5,2016,54060.6204910278,1065.2205805631
589,1.8,6,2012,314637.139907837,3399.15872944662
590,0,8,2016,56934.6599655151,982.040120233974
591,0,8,2016,114865.72063446,1419.64537090882
592,0,5,2015,200965.504371643,2113.85880211234
593,0,5,2015,310928.811462402,2768.56706095918
594,0,9,2017,194030.503227234,1732.73312183469
595,4,10,2021,67356.4760437012,1249.47136645759
596,4,10,2021,169423.272033691,1911.0999526949
597,4,10,2021,29474.9264678955,927.446776520207
598,4,10,2021,58692.7995376587,990.254547714556
599,4,10,2021,109180.602325439,1863.64665932748
600,0,10,2021,223872.564598083,2178.66319401598
601,1.9,9,2018,334879.096374512,3585.69948421241
602,0,10,2020,595158.933914185,3568.88188480527
603,4,3,2021,1216171.51810455,5272.59314167682
604,4,3,2021,1160381.62724304,5719.58449940585
605,4.5,4,2021,1220991.41113281,5502.66960420426
606,0,4,2017,206279.802230835,1969.29115017891
607,0,5,2016,20506.8653564453,627.281320061944
608,0,5,2016,153864.963195801,2157.52303463557
609,0,6,2019,746078.960418701,3722.30377431775
610,0,8,2013,358559.665725708,2689.12422830804
611,5,5,2017,72565.5425415039,1005.28608365831
612,5,5,2017,31420.7192687988,845.426231044333
613,5,5,2017,426235.874862671,5375.28815300035
614,2.6,1,2017,91475.7625579834,1984.17289782123
615,2.6,1,2017,86364.4864044189,1282.16976673377
616,2.6,1,2017,26056.4370422363,908.992233125673
617,2.6,1,2017,41638.169128418,1513.67884592673
618,2.6,1,2017,1712.47796630859,195.983396886153
619,2.6,1,2017,24496.6667022705,680.440979226677
620,2.6,1,2017,5171.19136047363,387.772978151673
621,2.6,1,2017,27517.1933441162,791.294346381832
622,2.6,1,2017,47654.5117034912,1254.21164250749
623,2.6,1,2017,43489.4566497803,1243.58127696016
624,0,1,2017,23186.5511932373,924.575823714075
625,0,1,2017,10674.7334594727,503.210703557468
626,0,1,2017,16003.4812316895,695.735777576308
627,0,1,2017,40705.7103271484,1036.86997966075
628,0.7,7,2021,180352.09147644,2170.2294281047
629,0,4,2012,123744.438369751,2154.93079558666
630,4,4,2012,560262.063812256,3038.85787356182
631,1.3,12,2013,98026.4876098633,2533.50049211479
632,1.3,12,2013,17336.9779205322,845.195131977385
633,1.3,12,2013,54812.3110961914,1846.23549610667
634,0,12,2013,12726.5328521729,497.362531243977
635,0,12,2013,15918.7546539307,492.615669478261
636,1.3,12,2013,37923.6566467285,1224.50944860168
637,0,12,2010,84944.8255157471,1799.8297492646
638,1.5,12,2013,240523.028274536,2288.499296142
639,0,5,2023,15616.7932434082,585.256367878837
640,0,5,2023,423134.544219971,3102.40578996818
641,4.5,1,2017,456721.195602417,4081.77116182675
642,4.5,1,2017,217696.985153198,2118.94448089278
643,0,5,2023,156756.618331909,2375.60970919681
644,1,1,2014,222393.868896484,2382.46249469361
645,0,6,2022,737569.526062012,3887.61936594969
646,0,10,2021,156918.942001343,2801.56075879465
647,0,10,2021,83761.7231826782,1382.80173654457
648,0,10,2021,221272.211380005,2285.31669927075
649,4.2,7,2022,345184.52456665,3084.8988484659
650,4.2,7,2022,252839.272506714,2281.85726992885
651,0,4,2017,163898.383132935,1969.20030087711
652,0,4,2017,196724.413566589,1936.3771223929
653,0,4,2017,182279.216506958,1824.37605742762
654,2.6,12,2021,649924.4895401,3444.72462412809
655,0.9,9,2021,180632.751976013,1860.20776802416
656,2.6,12,2017,130626.19430542,1529.06462781252
657,0,4,2017,315352.417045593,2520.69104878545
658,0,4,2017,190582.778869629,2439.29005645049
659,0,9,2017,242188.843955994,2136.49485404876
660,2,4,2019,176690.947135925,1977.06677761587
661,2,4,2019,78403.2049713135,1253.55875774593
662,2,4,2019,52651.2117462158,1167.79895797083
663,0,5,2023,687198.410888672,4215.21154415246
664,0,5,2023,194023.733032227,2514.12671857121
665,2.3,6,2016,138852.133239746,1515.47384155763
666,4.5,12,2019,185487.527679443,2058.82856821747
667,4.5,12,2019,469594.941833496,2625.71695108845
668,0,7,2015,199920.100364685,1766.66646980928
669,0,7,2015,46794.269821167,890.719921603404
670,0,6,2015,160265.653633118,1674.28860144152
671,0,9,2014,478402.654556274,3127.48951551362
672,2.9,12,2016,124374.826423645,1500.29393480965
673,2.9,12,2016,71417.5182495117,2092.53845356099
674,0,4,2017,336505.934738159,2510.01578216623
675,0,10,2021,780924.429855347,5833.21564927929
676,1,3,2023,154858.989990234,2124.90966827702
677,0,9,2014,818015.919876099,3947.73637974871
678,0,11,2013,559588.376625061,3118.09948972527
679,0,6,2015,190510.778427124,1813.80480513608
680,0,10,2021,249547.341201782,2896.95970091314
681,0,10,2021,306737.791137695,3812.19693841829
682,0,5,2017,373422.024482727,2678.91050620083
683,0,5,2017,110916.973167419,1602.04496376889
684,2.4,11,2016,306381.124160767,2997.28885268462
685,0,8,2013,74401.572052002,1476.45300054131
686,0,9,2014,6709.6625213623,356.178514542353
687,0,9,2014,51937.5947723389,1159.4721064353
688,0,9,2014,9536.40270996094,457.614072346672
689,0,9,2014,26002.0019683838,900.999318142753
690,0,8,2013,61230.9839782715,1511.41087571678
691,0,6,2015,116841.30027771,1295.4707699686
692,0.5,12,2013,241694.925506592,2144.46923643444
693,4.8,8,2012,551610.541748047,5490.81824639675
694,0,8,2012,410861.347198486,3330.99469660808
695,1.6,12,2019,415673.313446045,2750.08805102577
696,1.6,12,2019,72160.2908325195,1562.72055993973
697,4.5,12,2016,41868.6592102051,974.878587303602
698,4.5,12,2016,187620.191101074,2212.95609429057
699,4.5,12,2016,56390.9902038574,1121.61658177907
700,4.5,12,2016,141090.399475098,1529.56685242298
701,4.5,12,2016,125899.189178467,2001.88529404283
702,4.5,12,2016,204975.559448242,1875.59632489245
703,4.5,12,2016,123632.947265625,1820.13893976519
704,1.5,12,2013,263806.567260742,2077.56673391514
705,0,4,2017,95991.9781799316,1403.75914898527
706,2,4,2017,68768.8077392578,1232.90137914203
707,0,4,2017,68430.1748046875,1401.64156891539
708,0,4,2017,52412.7280273438,1130.86211457933
709,0,5,2018,539746.19732666,3028.0429729612
710,0,5,2018,196186.435714722,2265.28537855647
711,2,6,2014,421748.136322021,3253.534470273
712,1,12,2010,172158.660873413,1707.59673230085
713,0,7,2013,35115.5422363281,959.788237807636
714,1.1,7,2013,19688.165435791,678.680045375881
715,0,7,2013,48059.4395446777,1103.31663204972
716,1.1,7,2013,128131.395797729,1610.69427650807
717,5,4,2017,593646.990432739,3476.93211151254
718,2,3,2021,375422.992889404,2646.53744706234
719,3.2,12,2012,559875.680999756,3358.2745196616
720,0,7,2014,531579.133209229,3483.35927997535
721,0,10,2020,66405.2453918457,1403.27539480203
722,2,10,2020,237610.61529541,2415.07267630655
723,2,10,2020,236770.244277954,3157.62601095815
724,0,9,2014,314855.517242432,3231.28601962207
725,2.9,9,2014,721148.729797363,3806.67652033507
726,4.5,6,2017,766046.363800049,5281.57875363559
727,0,12,2020,498039.252456665,3444.97823382078
728,2,5,2014,226758.504959106,1972.17503948616
729,0,5,2014,114810.024185181,1730.51271652323
730,3,12,2019,708865.333969116,3913.16814292693
731,1.6,5,2017,176630.932846069,2071.7966095252
732,1.5,4,2014,210374.039245605,3065.16016045037
733,0,4,2017,103649.625305176,1590.32179657418
734,0,4,2017,61018.9905548096,1216.15957773254
735,1.8,3,2016,294716.471313477,2430.33584945866
736,0,6,2010,16665.2317199707,563.897166390326
737,1.7,7,2017,363426.823165894,3222.60985657903
738,0,2,2016,151501.948852539,1734.3292256368
739,3,2,2016,359487.410461426,2514.85204094033
740,1.2,6,2012,73361.9873809814,1308.84518908497
741,1.2,6,2012,157532.295089722,1578.81164047493
742,1,8,2017,35329.6555786133,707.784995204801
743,1,8,2017,144695.280136108,2230.61350394998
744,2,6,2017,148813.577774048,2172.9216306801
745,2,6,2017,6627.45539855957,375.535241795676
746,2,6,2017,67500.7927398682,1310.51381872934
747,2,6,2017,40570.975189209,967.536759394019
748,0,4,2023,139314.664291382,1416.3173735782
749,2.4,4,2014,464993.980163574,2917.87064970731
750,0,8,2017,697794.582794189,4327.25786607422
751,0,4,2013,37586.80909729,780.194187095359
752,5,2,2020,737287.534820557,4898.23118257439
753,0,5,2023,855367.543266296,4353.22931740578
754,1,12,2014,192414.48236084,1727.08957757592
755,3.8,11,2017,800165.448745728,4473.84370550996
756,3.8,11,2017,80362.8852844238,1296.33612311187
757,3.8,11,2017,71416.955368042,1182.02785886874
758,5,8,2012,520312.157012939,3891.13608658927
759,0,4,2018,321435.482192993,2438.31765784077
760,4.9,8,2017,1268385.51855469,5456.88016049946
761,2.5,10,2013,544789.433624268,4824.43018418934
762,0,9,2014,146205.390838623,1767.45523282206
763,0,9,2014,195044.535140991,3770.84936484312
764,1.5,6,2017,218163.743560791,2184.94278624573
765,1.5,6,2017,51133.6356201172,994.133588322071
766,2,7,2014,405612.432220459,2659.86184116667
767,0,8,2013,315526.922714233,2481.9478220111
768,0,10,2021,280471.114517212,2300.98012393836
769,0,11,2017,525394.477172852,3282.66805139075
770,2.3,11,2017,134403.127059937,1854.7036143885
771,0,11,2017,19430.6091918945,1132.32558236526
772,0,11,2017,5266.39804077148,374.132736335125
773,0,11,2017,6261.44142150879,482.174446792047
774,0,11,2017,6482.44969177246,441.949367946917
775,0,11,2017,9634.34898376465,543.140758478662
776,0,11,2017,2159.92280578613,233.796826261446
777,0,11,2017,1707.4561920166,180.567447223344
778,0,11,2017,422.548110961914,103.963890560537
779,2.3,11,2017,47983.5961608887,1188.20979442928
780,2.3,11,2017,87145.028427124,2023.21589774744
781,2.3,11,2017,22923.1940765381,903.496905117107
782,0,11,2017,3701.69407653809,298.54529254416
783,2.3,11,2017,8098.03460693359,418.598210766686
784,2.3,11,2017,579.18196105957,98.1945300849743
785,2.3,11,2017,2591.09413146973,268.238204617117
786,2.3,11,2017,6814.90281677246,418.664069179094
787,2.3,11,2017,8633.06369018555,706.185024651759
788,0,11,2017,6132.63478088379,406.509346939757
789,0,11,2017,8808.20111083984,493.902574622581
790,0,11,2017,4613.92613220215,317.201392532647
791,2.3,11,2017,19363.281829834,1104.16204971279
792,0,11,2017,10454.5854034424,640.563308663857
793,0,11,2017,7027.99005126953,346.89312736799
794,2.3,11,2017,94351.3388977051,2701.52738117529
795,2.3,11,2017,18939.7218017578,668.112379535838
796,2.3,11,2017,8062.59852600098,367.644142251352
797,2.3,11,2017,9009.91276550293,362.920254298053
798,0,6,2013,347178.412506104,2650.65640442199
799,1.6,10,2013,156990.493774414,2597.917337455
800,1.6,10,2013,141986.774108887,2406.31092313068
801,1.4,3,2023,175370.785705566,2182.95608408177
802,0,9,2017,111026.923599243,1489.22911567094
803,0,9,2017,130137.375671387,1599.22404817131
804,0,2,2018,194332.884078979,2085.05543330347
805,0,2,2018,345193.133575439,2462.1437102455
806,0,2,2018,317667.701477051,2711.69028481804
807,0,2,2021,37677.3108901978,1045.22634807357
808,0,2,2021,262593.698760986,2170.19121822433
809,0,2,2021,189224.825134277,1892.05849036991
810,2,12,2013,126633.344596863,1425.28348698224
811,2,12,2013,241665.027572632,2713.48499308533
812,1.5,1,2017,120726.1484375,1941.19237516715
813,1.5,1,2017,2679.23738861084,306.884782616639
814,1.5,1,2017,142730.987487793,2210.32969568363
815,0,1,2017,184371.073768616,1940.77505019022
816,2.5,12,2012,33140.2391433716,947.666246791755
817,2.5,12,2012,6787.60916900635,318.15258505795
818,0,12,2012,53453.9118118286,1191.79888402759
819,2.5,12,2012,131130.502113342,2076.35483201428
820,2.5,12,2012,227315.107467651,2210.48227613279
821,0,2,2019,446034.937522888,3360.50423223484
822,2.2,12,2012,448698.934928894,3863.95610559124
823,2.2,12,2012,7355.67611694336,356.748012121771
824,2.2,12,2012,17313.3662490845,666.876213159358
825,0,1,2016,95973.2533035278,1248.36542455297
826,0,10,2021,278951.302215576,2749.70507191243
827,3,6,2014,609824.052429199,3522.5139615307
828,3,7,2013,278262.269630432,2329.52051720265
829,3,7,2013,359852.065734863,3018.72814736658
830,3,4,2017,498202.358833313,2993.77100632728
831,0,12,2015,314042.847213745,2406.55035353631
832,0,4,2013,127299.773399353,1856.30665797985
833,0,4,2013,467957.67326355,3955.61786532462
834,2,12,2017,410376.061897278,3155.71359041311
835,3.1,7,2017,391771.611053467,2644.44223958517
836,3.1,7,2017,360276.105522156,2321.91621417443
837,0,5,2016,152597.764762878,1870.09295935447
838,0,1,2016,191029.430725098,1802.75140458064
839,0,9,2014,176868.340629578,1820.41882649316
840,0,9,2014,567273.817146301,3361.51333724163
841,0,3,2020,312183.138793945,2624.19961086143
842,0,3,2020,284762.61428833,2312.97976549938
843,0,3,2020,622876.312973022,4470.59065145199
844,3,8,2022,368000.956230164,2945.35788039911
845,3,8,2022,131763.759735107,1435.63254230692
846,3,8,2022,213898.738761902,3193.42648424685
847,0,8,2016,363992.416046143,2882.60437362976
848,0,7,2017,360087.746269226,3778.48530256182
849,0,12,2018,214937.001976013,2048.66601841143
850,0,12,2018,501218.090179443,4419.45228664179
851,0,12,2018,630932.110710144,3585.64989170488
852,0,8,2016,239340.04447937,1922.8999822686
853,0,8,2016,50643.321395874,902.327908536274
854,0,8,2016,264832.082344055,2703.26326658954
855,4.6,5,2015,1012840.85507965,4410.05828665925
856,0,2,2013,252703.64540863,3028.04561338545
857,2,6,2012,417625.469894409,3599.67336932164
858,1,7,2012,213629.047355652,2115.00233025907
859,0,6,2022,56873.1804656982,1011.04429162327
860,0,6,2022,269334.295562744,2683.10507173543
861,1,7,2022,232236.174942017,2929.2475304329
862,6.3,4,2014,648974.475959778,3841.3309479894
863,0,4,2014,165566.946273804,1771.63991461561
864,6.3,4,2014,411208.031776428,3247.80932367627
865,0,6,2017,548203.915969849,3078.93685530729
866,0,6,2020,241173.13948822,2991.68158692
867,1.5,8,2014,306425.784996033,2291.01667809598
868,0,3,2013,525972.825065613,3403.37196447154
869,1.6,3,2011,308837.168655396,2279.08543085686
870,0,3,2015,381103.166679382,2862.46840627766
871,0,3,2015,164549.158172607,2155.20397825734
872,1.9,7,2018,214649.298538208,1827.37928072032
873,1.9,7,2018,170684.216659546,1856.93661344611
874,1.9,7,2018,409315.39176178,2894.26921711403
875,0,6,2020,1414590.25186157,4947.61485151998
876,0,3,2015,592864.886627197,3322.27574570033
877,2.9,9,2021,206180.568855286,1844.30502213106
878,2.9,9,2021,229746.415252686,2111.15792418694
879,0,10,2021,232599.825813293,2813.98734961515
880,0,10,2021,90383.9822845459,1194.72959479729
881,0,9,2020,198277.864463806,1826.40474029764
882,0,9,2020,162808.76285553,1642.38033608681
883,1.6,5,2017,330743.616767883,2349.14257506184
884,0,4,2017,655863.972434998,3419.15549579026
885,4.8,12,2018,599682.076461792,3482.35113945464
886,4.8,12,2018,128108.24559021,1516.98011127331
887,0,4,2021,102686.744338989,1505.22433176914
888,0,6,2020,44009.5171890259,824.145732957238
889,0,6,2020,68598.4418487549,1846.59609172647
890,0,6,2020,64364.9158401489,1000.4265004592
891,0,6,2020,228302.217735291,2910.99295011271
892,0,6,2020,328707.065620422,3938.75689821779
893,2.6,4,2013,351285.695007324,2372.20089082011
894,0,3,2015,173505.614624023,2277.27813383978
895,2.6,3,2015,388454.880958557,3153.52883782702
896,1.9,10,2019,380083.460113525,4894.3089737644
897,0,9,2014,180459.177482605,2406.35593223033
898,0,8,2016,756368.984825134,4004.69380755014
899,4.5,3,2015,191051.861633301,1773.68021264866
900,0,9,2014,748810.669090271,3784.04207897522
901,3.5,12,2013,810946.639480591,3906.32912674394
902,2.7,2,2020,175484.017608643,1819.22914290892
903,2.7,2,2020,240621.557037354,1976.44362082755
904,0,4,2017,55519.8434524536,963.834580542413
905,0,10,2018,315725.233322144,2287.69474482952
906,0,1,2023,990325.292488098,4881.30916021524
907,2.7,12,2018,370398.963859558,2633.79000961203
908,3,12,2013,616273.12677002,3153.23752556279
909,2.4,12,2017,391650.974868774,3840.89408723024
910,0,5,2022,71472.7421112061,1463.32640510031
911,0,5,2022,259547.937149048,2328.56137264581
912,1.6,12,2020,275304.700042725,2523.1016508204
913,0,3,2023,100614.485015869,1287.15876657966
914,0,3,2023,200861.362640381,1902.21295762952
915,0,4,2017,269001.670227051,3010.29860494732
916,0,5,2016,349485.591278076,3211.79163250106
917,0,10,2016,173721.70803833,1620.24982599642
918,0,10,2013,343887.03843689,2519.5625681534
919,0,10,2013,570879.646881104,3315.14948504032
920,0,4,2017,138904.410171509,1620.68607917337
921,0,4,2017,327967.518936157,3031.83258351874
922,0,4,2017,334216.101394653,2464.85142053646
923,0,9,2020,468200.775650024,3780.13840605497
924,0,3,2015,427927.53453064,3079.07947661325
925,0,7,2014,901086.610351563,4226.87025440902
926,0,8,2015,279226.627822876,2573.29540868026
927,0,8,2015,209906.129455566,2135.38064842111
928,0,5,2016,97569.5352783203,1518.0972163612
929,0,5,2016,207039.245178223,2798.64883126052
930,0,5,2016,97751.1457519531,1478.54149610166
931,0,5,2016,105376.642227173,1471.00351492879
932,1,9,2018,51029.7721862793,909.594586171226
933,1,9,2018,61890.8647003174,995.800126192787
934,1,9,2018,50658.6937561035,911.835340786793
935,0,2,2018,110430.670227051,1624.66625778053
936,5,12,2013,534057.740509033,3654.65650151893
937,1.5,5,2017,15499.7480010986,500.38544240744
938,1.5,5,2017,126622.627578735,1546.23780262952
939,2,5,2019,360395.308441162,3063.12463729257
940,0,5,2015,135710.380828857,1632.37545433861
941,0,4,2017,189935.213096619,2632.65706781295
942,0,10,2016,155992.094421387,1504.19094859826
943,0,4,2017,281304.398841858,3076.30560006581
944,0,10,2021,433403.393722534,3539.04875516602
945,0,11,2021,223783.54258728,1838.88306096512
946,5,11,2021,434141.853363037,2568.04819044336
947,5,11,2021,188109.273986816,2161.18372062515
948,5,11,2021,438805.664001465,3196.94985005044
949,2,9,2016,215293.487686157,1922.89059631731
950,2,9,2016,176102.971481323,1693.81603690113
951,2,9,2016,901928.303955078,3930.42482603939
952,4.8,10,2021,1701824.79084778,5993.18428462412
953,3.3,11,2021,1126305.56851196,4287.86712523401
954,3.3,11,2021,1037697.69255066,5504.39380542434
955,4.1,7,2012,1546614.56278992,5175.30186870151
956,0,2,2018,190911.368545532,1937.71652195065
957,0,2,2018,253595.909080505,2368.34501202998
958,0,3,2012,114625.910896301,1444.77693937374
959,2,3,2021,378739.523757935,2859.12802836052
960,2.3,6,2014,248087.16242981,2112.69189715825
961,0,10,2021,753424.811752319,3799.2113482186
962,0,10,2021,411506.275360107,3688.54916330245
963,1,12,2018,166193.336303711,1886.16321249186
964,1.5,12,2018,237848.068466187,2810.9006487828
965,1.5,12,2018,218064.814453125,1952.91865043792
966,0,5,2023,35832.5156707764,1140.84222924436
967,4,12,2018,653995.479721069,3722.1886733405
968,0,5,2016,219713.624221802,1875.26199360747
969,0,5,2016,216789.453735352,1862.76394813578
970,0,6,2014,1079768.10258484,4900.78668331383
971,0,5,2023,197828.972900391,1967.23539133027
972,0,2,2018,111883.697158813,1367.85604769995
973,0,10,2016,178652.760131836,1694.08857965705
974,0,10,2016,72969.0836486816,1503.86983094778
975,0,10,2016,155543.530441284,1935.69476858481
976,0,10,2016,232509.95664978,2213.41626878931
977,0,10,2016,120082.77015686,1392.41338907049
978,0,5,2024,1364405.05081177,5110.10025666144
979,0,10,2016,98612.2578735352,1365.06057458051
980,0.5,7,2017,168881.757293701,1773.2738652495
981,0.5,7,2017,217389.40184021,2045.16020774479
982,0,5,2016,195363.761505127,1880.20378665988
983,1.2,6,2017,30274.1811981201,693.926172067145
984,0,6,2017,63689.1538848877,1431.79085649275
985,0,6,2017,94167.6496582031,1223.88949494299
986,3.1,10,2023,394634.204154968,3050.07448020891
987,3.5,5,2014,659057.080352783,3414.73409242575
988,3,4,2017,212384.110488892,2086.84610704402
989,1.5,9,2021,73276.5522003174,1173.50753595482
990,1.5,9,2021,177269.351493835,3003.49711841389
991,3,4,2017,320960.975814819,2570.66730113578
992,0,10,2021,683710.893547058,4066.55057205924
993,1.5,9,2014,279576.619430542,3109.04301084089
994,0,10,2021,528514.93397522,3547.90004053805
995,4,9,2014,322335.898971558,3255.17421771273
996,0,9,2014,153073.175956726,1549.79520803826
997,0,9,2014,115928.503410339,1384.42000311551
998,0,8,2012,193236.464447021,1774.70481587561
999,0,6,2014,146172.815414429,2342.55876138604
1000,0,6,2014,203456.978469849,2550.74042728453
1001,0,6,2014,753640.796386719,6421.00973710825
1002,5,9,2014,1186420.90447998,4706.28063805876
1003,0,8,2014,898121.079818726,4864.4190369207
1004,1,9,2014,54086.7034759521,1146.35735422885
1005,1,9,2014,95994.3309783936,1299.16883596236
1006,1,9,2014,49926.8994445801,1475.31198141416
1007,0,9,2021,359148.410110474,2647.02299293534
1008,0,3,2012,46672.801940918,907.186648015461
1009,25,12,2022,25589.651184082,670.570939221634
1010,0,6,2017,101504.252838135,1659.6368169773
1011,0,4,2017,418944.49319458,2961.2334733538
1012,0,5,2023,42025.3005981445,961.33668036046
1013,0,5,2023,25001.7245788574,800.16836019072
1014,0,5,2023,53626.2879180908,1422.52292172664
1015,0,5,2023,42085.7456970215,1118.34945631766
1016,0,5,2024,194410.179275513,3225.84113201328
1017,0,5,2024,22845.2503509521,769.726260728805
1018,0,10,2020,125147.710479736,2511.85899559486
1019,0,4,2018,85388.8785400391,1262.82956968724
1020,0,10,2021,306947.512237549,3143.22079074059
1021,0,4,2018,109893.258331299,1782.9385416747
1022,0,7,2014,40307.361038208,974.817646889225
1023,0,7,2014,86517.6000213623,1331.70216505699
1024,0,6,2015,109334.877471924,1364.32177747362
1025,0,4,2018,34853.174621582,736.871115008199
1026,0,8,2013,16494.4487457275,574.844446412881
1027,0,8,2013,26371.5023651123,744.174386052029
1028,0,4,2017,31437.7866516113,772.941080089234
1029,0,6,2019,83146.1061096191,1699.13216573688
1030,0,6,2019,96626.7133178711,1474.7637118148
1031,0,4,2017,34277.5437469482,1079.85198573973
1032,0,4,2017,67783.2534637451,1581.20449106706
1033,0,7,2014,116379.203414917,1431.22593845228
1034,0,10,2021,135604.180175781,1863.56101098915
1035,0,4,2017,127297.615814209,1457.3974418615
1036,0,4,2017,57940.2353515625,1110.58369663953
1037,0,4,2017,146981.447921753,1839.67335849961
1038,0,4,2017,167211.32951355,1857.15339036369
1039,0,4,2017,79881.5608978271,1189.53446527523
1040,0,4,2016,64313.0665283203,1459.66296104833
1041,0,10,2020,98123.3635559082,1689.89522168599
1042,0,4,2017,51186.0544128418,1124.04671421367
1043,0,4,2017,57975.4546203613,1276.04454488006
1044,0,10,2021,496632.193237305,3386.02828246152
1045,0,8,2013,8558.42144775391,414.790686919492
1046,0,5,2015,159721.775245667,1622.05256610271
1047,0,8,2016,78040.1004753113,1155.17060276052
1048,0,9,2017,177348.887104034,1744.95757114489
1049,0,9,2013,96818.3507518768,1374.72864549822
1050,0,9,2017,95933.7816925049,1236.42654724617
1051,0,9,2017,93471.140838623,1641.13520068378
1052,0,4,2016,85446.4950256348,1627.95390816414
1053,0,9,2018,87290.2184371948,1694.53773294595
1054,0,5,2024,272849.396684647,2390.27546576999
1055,0,9,2017,135445.737953186,1993.89298911855
1056,0,9,2017,129855.148509979,2121.46166114929
1057,0,9,2017,146142.228282928,1775.18173081569
1058,0,9,2017,92874.6675109863,1327.70504557735
1059,0,12,2016,163460.997879028,1733.48898288671
1060,0,6,2023,537566.060317993,3859.85938484071
1061,0,9,2017,221241.943809509,2436.89344753184
1062,0,5,2015,26241.8632965088,668.913075329411
1063,0,10,2018,28566.4890518188,796.553559426554
1064,0,9,2017,66709.219833374,1339.97106241943
1065,0,7,2018,437784.590538025,3899.81096771373
1066,0,4,2016,15165.7815856934,526.612543665002
1067,0,4,2017,125461.254043579,1405.88481591367
1068,0,4,2011,37529.3139877319,888.223044643461
1069,0,10,2021,640536.645973206,4680.33046607027
1070,0,9,2017,70873.2564315796,1094.74210827516
1071,0,9,2017,76836.3962860107,1259.91079749309
1072,0,6,2017,52850.2458953857,980.40243077852
1073,0,6,2017,216634.988983154,2706.55280861404
1074,0,5,2016,66995.2702713013,1139.8818936423
1075,0,4,2017,201515.889915466,2771.0326737771
1076,0,8,2016,509769.509307861,4962.06348448218
1077,0,4,2017,34570.5309524536,809.203392927341
1078,0,4,2017,194116.325065613,2260.16995496901
1079,0,4,2017,115110.269966125,1705.1874702317
1080,0,8,2013,177992.518714905,3431.21076321609
1081,0,8,2013,146936.223892212,1666.15939963622
1082,0,4,2017,83864.8150939941,1435.86900948628
1083,0,6,2015,104838.945114136,1377.79235477133
1084,0,6,2015,49404.6324768066,1462.07854009903
1085,0,4,2017,178639.412338257,2925.86100924503
1086,0,4,2018,123478.51260376,2480.5497367361
1087,0,7,2014,352745.266426086,3293.82968935363
1088,0,4,2016,74448.2553482056,1323.67062036151
1089,0,7,2014,326116.676101685,2534.11338509628
1090,0,7,2014,71608.9393692017,1569.88868382893
1091,0,2,2020,350752.807395935,3743.96883201153
1092,0,5,2017,308562.778211594,3394.24927814901
1093,0,2,2020,176290.052150726,1790.15065470014
1094,0,5,2023,453635.661727905,4026.04850651145
1095,0,5,2023,230977.898910522,1990.79915339625
1096,0,9,2017,214132.467006683,2446.16500240823
1097,0,9,2017,83221.4374237061,1343.85549749285
1098,0,9,2017,261284.243022919,2173.79819640992
1099,0,9,2017,97349.3096199036,1302.26890253562
1100,0,7,2020,1272748.28835678,6058.01333301805
1101,0,7,2014,290649.596443176,2720.98328221393
1102,0,9,2017,20152.1844005585,705.275150832675
1103,0,9,2017,134222.707870483,1843.73177360226
1104,0,4,2016,149621.79057312,1786.14380167423
1105,0,4,2016,141537.678974152,1691.43171626413
1106,0,10,2020,185817.188606262,1852.00215428343
1107,0,6,2018,416820.984971046,3081.56603301415
1108,0,6,2018,355187.45870018,2792.835387635
1109,0,5,2017,149998.640846252,1680.03910798665
1110,0,5,2017,116915.721366882,1620.11156911913
1111,0,3,2012,58189.9993839264,1120.03207138784
1112,0,8,2016,116260.008491516,1895.31735637232
1113,0,5,2015,393820.034107208,3332.32220820975
1114,0,9,2017,140396.401832581,1640.86050311749
1115,0,9,2017,173380.900653839,1696.58546505507
1116,0,9,2017,184365.056549072,1874.92153792188
1117,0,9,2018,87174.1322860718,1307.17458667852
1118,0,7,2014,7737.81077575684,444.523347756025
1119,0,7,2014,20125.0082550049,619.390021369491
1120,0,7,2014,55038.458366394,1240.33330920262
1121,0,9,2019,139425.809680939,2184.96176496697
1122,0,9,2019,284878.863880157,2774.82959940966
1123,0,9,2017,109780.502346039,1636.86831301721
1124,0,9,2017,84688.7880477905,1777.25624348107
1125,0,4,2016,21089.0188217163,661.416070863018
1126,0,4,2016,43966.5897750854,1150.44276141015
1127,0,4,2016,130187.500221252,2264.785616107
1128,0,4,2016,13894.6758575439,562.026572636354
1129,0,4,2016,20504.0628356934,720.4284888565
1130,0,9,2017,61351.8474807739,997.280463648939
1131,0,9,2017,97198.9005203247,1251.69571653181
1132,0,9,2017,74654.6367874146,1260.69972326749
1133,0,9,2017,62447.0890808105,1238.12658063244
1134,0,9,2017,173961.522766113,1674.09041340471
1135,0,9,2017,198580.255149841,1893.69244703874
1136,0,9,2017,246411.810539246,2017.39597744964
1137,0,9,2014,99527.4962158203,1404.89997118952
1138,0,9,2014,13839.0453948975,471.153191859976
1139,0,9,2014,95613.0483703613,1343.1734003058
1140,0,9,2014,110921.644546509,1564.65469404646
1141,0,9,2014,108762.416122437,1716.41742557113
1142,0,6,2017,158335.799461365,1862.99957420568
1143,0,5,2016,86663.0989685059,1314.47415622938
1144,0,5,2016,48079.1479949951,896.827561158276
1145,0,5,2016,39686.7472457886,898.229769151999
1146,0,5,2016,89416.3271102905,1286.5438308141
1147,0,4,2018,8436.78346252441,483.045464634185
1148,0,4,2017,5450.71941375732,343.768470993656
1149,0,4,2018,69368.4769287109,1134.84444946781
1150,0,4,2017,72243.7733306885,1534.56123342005
1151,0,9,2019,171683.272071838,1793.72635375798
1152,0,9,2019,93436.5205688477,1584.54971491798
1153,0,9,2019,72462.4327468872,1401.45928718088
1154,0,9,2014,128952.598419189,2394.83241617087
1155,0,10,2021,64378.7862548828,1078.28802747126
1156,0,10,2021,19755.7397155762,592.848732538376
1157,0,10,2021,31483.7567977905,855.885939383066
1158,0,10,2021,12626.8800201416,642.945260736984
1159,0,4,2017,13385.6673583984,459.739140948824
1160,0,4,2017,14613.0752868652,496.28448299383
1161,0,4,2017,19958.3392028809,572.452057422441
1162,0,4,2017,17081.2098388672,555.72623068824
1163,0,4,2017,8489.29235839844,455.360114536369
1164,0,4,2017,10631.5707244873,444.015849085479
1165,0,4,2017,201356.986572266,1706.61477095232
1166,0,8,2013,34158.1691436768,1125.37041774822
1167,0,4,2019,28736.3859100342,748.541711293187
1168,0,8,2013,57458.597946167,966.697393650338
1169,0,10,2022,211491.250137329,2352.45743369607
1170,0,8,2016,136987.08102417,2210.91270959558
1171,0,5,2016,165678.334793091,2265.88541266523
1172,0,4,2013,126344.79058075,1558.15098951534
1173,0,4,2017,118755.628036499,1999.19113073983
1174,0,9,2014,50130.2866973877,902.775436845047
1175,0,9,2014,31715.7988128662,819.921880552112
1176,0,10,2016,108747.45111084,1478.93616173726
1177,0,10,2016,135938.899795532,1866.80977451811
1178,0,7,2014,107476.278091431,1546.45550397674
1179,0,7,2014,16771.9189758301,634.315287917639
1180,0,7,2014,31947.10546875,903.360831734379
1181,0,7,2014,101541.044815063,1906.90755996745
1182,0,7,2014,107248.841140747,2014.82128356937
1183,0,4,2017,226985.822906494,2009.14537305287
1184,0,9,2019,38064.1570281982,1027.97510407783
1185,0,9,2019,673618.514816284,5501.51549655149
1186,0,9,2019,55203.566116333,1037.88118347536
1187,0,7,2023,335469.838027954,4156.98961188988
1188,0,6,2020,141201.236709595,1532.63312908232
1189,0,8,2016,104920.22895813,1312.42390973859
1190,0,9,2014,101038.460098267,1383.28660681484
1191,0,10,2021,95121.1974945068,1368.74638605838
1192,0,4,2017,166062.124267578,1687.68190000305
1193,0,2,2021,108098.882202148,1608.31140563999
1194,0,6,2014,43228.5597686768,832.748972600298
1195,0,6,2014,24656.8002471924,690.920305696777
1196,0,8,2016,76802.809173584,1411.19600771484
1197,0,5,2016,149859.523422241,1723.25671133202
1198,0,2,2018,180141.314056396,1874.89544779966
1199,0,9,2023,167438.635192871,1816.22048956026
1200,0,9,2023,113229.957000732,2074.22329456461
1201,0,9,2016,89433.018371582,1293.85111415375
1202,0,10,2021,56553.475769043,929.118995418209
1203,0,10,2021,14756.5691986084,539.857608198586
1204,0,10,2021,11972.0345840454,497.050440351419
1205,0,10,2021,80515.0966644287,1577.7103122735
1206,0,9,2017,56459.6005554199,985.676863725019
1207,0,9,2017,60695.0512619019,1290.69276378831
1208,0,9,2017,55023.765007019,982.61470000799
1209,0,6,2022,170863.095787048,2076.80098708713
1210,0,8,2016,46115.6672363281,859.297675302284
1211,0,6,2017,165929.079246521,2254.75693939807
1212,0,5,2016,52423.7951965332,1041.52929114844
1213,0,5,2016,148416.189109802,2031.57959912071
1214,0,4,2017,49645.5823516846,915.498603152298
1215,0,10,2018,143703.122062683,1533.69183301997
1216,0,10,2016,97861.0823440552,1319.27172993776
1217,0,8,2012,83545.5091552734,1282.18543320321
1218,0,8,2016,98476.0568008423,1463.27280155172
1219,0,10,2021,309130.387901306,4018.91762384119
1220,0,3,2011,35947.8222351074,945.80006097558
1221,0,3,2011,54262.4324645996,1114.67180518544
1222,0,3,2011,39976.9244842529,870.301768917123
1223,0,9,2019,34138.8476715088,773.276264761391
1224,0,9,2019,35147.2263565063,757.149535050346
1225,0,9,2014,71164.4220962524,1068.4152037667
1226,0,9,2017,323935.733123779,2550.5285666696
1227,0,9,2019,59868.9229812622,1454.41116494481
1228,0,10,2020,96944.7285766602,1732.99939940319
1229,0,4,2018,40167.2132110596,1099.30253904866
1230,0,4,2018,58251.078338623,1125.37904002888
1231,0,4,2017,143144.052688599,2767.13856255434
1232,0,4,2017,32427.2609405518,1200.25423206084
1233,0,9,2014,11699.5431671143,477.483280849224
1234,0,9,2014,12147.4060821533,470.92536388137
1235,0,4,2018,59752.6187438965,1120.3729525489
1236,0,10,2018,358095.146530151,2696.21638496959
1237,0,7,2023,468281.375778198,4479.47915560287
1238,0,6,2014,108720.748825073,1588.12730804087
1239,0,10,2022,160296.504318237,2461.40764500612
1240,0,4,2013,133587.692901611,2283.75328326734
1241,0,3,2015,65582.2922058105,1131.28731456041
1242,0,3,2015,49402.2089767456,1131.5660434768
1243,0,9,2017,91067.360786438,1538.97628067116
1244,0,9,2017,51123.090965271,1315.2244435892
1245,0,9,2017,150265.033317566,2159.64087291051
1246,0,5,2021,288660.43636322,2687.93505963919
1247,0,3,2016,76437.1378707886,1534.56701914722
1248,0,1,2012,281701.683731079,2442.01622580945
1249,0,5,2017,115091.304862976,1353.38368597221
1250,0,5,2017,126730.991981506,1416.79975295342
1251,0,5,2017,67909.0678634644,1372.19353482593
1252,0,5,2017,28081.0701522827,831.798910674955
1253,0,5,2017,50180.3764419556,1112.07225875439
1254,0,5,2017,22311.8230819702,889.385618223997
1255,0,9,2019,171391.89134407,1696.82545503835
1256,0,9,2015,10186.0493478775,415.703768572628
1257,0,11,2020,525486.830832481,3945.72018760864
1258,0,6,2018,97688.119767189,1479.53538867332
1259,0,6,2018,209842.121484756,2043.61234757751
1260,0,4,2016,289423.472378254,2542.14356403489
1261,0,9,2017,93164.814614296,1349.21505698183
1262,0,9,2017,110339.916265965,1569.03566699451
1263,0,6,2018,53840.3104114532,1107.31963147343
1264,0,9,2017,126924.759404182,1415.14234942519
1265,0,3,2012,116946.392083168,1559.23932258552
1266,0,10,2014,120907.392491341,1563.0305087539
1267,0,9,2011,23305.7561988831,671.6111361889
1268,0,5,2014,16421.8888292313,526.336820365933
1269,0,7,2018,588323.487790108,4534.17310230078
1270,0,5,2014,195582.886931419,2181.5061198163
1271,0,5,2017,95910.8763771057,2067.63557612948
1272,0,11,2020,273948.174358368,2137.85872960726
1273,0,11,2020,353253.30739975,2469.13440447377
1274,0,5,2017,88244.2569198608,1305.93166689057
1275,0,5,2017,42571.8296966553,830.446506671962
1276,0,5,2021,150144.64862442,1633.13717618064
1277,0,3,2018,702202.528454542,3590.2685722589
1278,0,3,2022,780990.683935165,3851.02427878608
1279,0,9,2015,180508.593818665,1775.25076428795
1280,0,7,2020,365662.297645569,2713.00023351704
1281,0,8,2016,77234.9278717041,1214.65219714408
1282,0,8,2016,164721.004882813,1745.67461624349
1283,0,5,2014,50868.6631088257,1328.7330303139
1284,0,4,2018,30624.6878662109,861.677636732713
1285,0,9,2017,75161.1245126724,1277.62142063199
1286,0,6,2018,89801.3068742752,1704.20080302027
1287,0,9,2017,18924.9464263916,661.747090074778
1288,0,9,2017,29168.2402896881,980.825947001659
1289,0,9,2017,30375.3156509399,1349.25072975085
1290,0,5,2017,102851.908842087,1473.19435860965
1291,0,5,2017,72651.0406684875,1410.27762456746
1292,0,5,2017,86020.107922554,1484.45908223477
1293,0,5,2017,44252.6789970398,915.178162689954
1294,0,5,2017,107360.618759155,1652.72393397451
1295,0,5,2017,249239.688598633,2097.27871084871
1296,0,5,2017,66466.2902145386,1338.59524684185
1297,0,10,2018,127289.413169861,1658.03812981238
1298,0,4,2023,19138.6825809479,555.304975303172
1299,0,3,2020,158573.784900665,1612.3267477099
1300,0,9,2017,20673.4854202271,722.185500321803
1301,0,9,2017,50335.4406814575,1223.91110987726
1302,0,6,2023,49582.2065124512,958.811699586253
1303,0,9,2017,182747.499160767,2252.89481184323
1304,0,5,2016,198346.364776611,2095.44569527389
1305,0,5,2016,182064.834503174,2585.23025696654
1306,0,6,2015,86115.7567749023,1323.62399479575
1307,0,9,2014,55484.5565948486,1025.12355290239
1308,0,10,2018,42447.8871917725,1192.90852616219
1309,0,10,2018,16680.6836090088,641.481730037936
1310,0,4,2023,100131.983896255,1315.71615274488
1311,0,4,2023,24303.0559406281,638.001763042442
1312,0,4,2023,156389.835577011,1728.0020956624
1313,0,4,2023,53835.8502006531,951.486665291722
1314,0,4,2016,72430.0270080566,1163.26474748089
1315,0,4,2018,70757.891708374,1145.38630907349
1316,0,4,2018,86382.6349487305,1743.51861651516
1317,0,5,2023,9295.14898681641,438.55743476582
1318,0,5,2023,88274.2115783691,1189.23939560766
1319,0,9,2017,127501.509277344,1636.17247589325
1320,0,4,2023,121908.604558945,1521.38997994815
1321,0,4,2023,1278.46140670776,145.198556897658
1322,0,7,2018,138093.691356659,1752.30141376916
1323,0,7,2018,313140.320241928,2347.96111697736
1324,0,7,2018,139518.815479279,1920.19021578827
1325,0,8,2021,124486.704872131,1699.03897119598
1326,0,6,2018,87093.759147644,1770.85383868761
1327,0,11,2016,83218.6864089966,1297.11458908389
1328,0,11,2016,77237.5998077393,1442.72616508351
1329,0,11,2016,88462.7764663696,1284.39689471468
1330,0,9,2017,167589.061279297,1850.79101824459
1331,0,5,2015,125850.587181091,1439.79229724118
1332,0,10,2018,62820.7248649597,1379.64006069271
1333,0,10,2018,54967.9649085999,1202.47087267963
1334,0,10,2018,51629.3841896057,975.630176736576
1335,0,9,2017,19092.8619918823,587.259919644941
1336,0,9,2017,185766.493743896,2102.45007781669
1337,0,9,2017,176946.621017456,2003.8688212333
1338,0,9,2017,80690.4416160583,1514.21539005488
1339,0,5,2015,192253.525466919,1883.71436488607
1340,0,5,2015,217820.589950562,2230.13851847231
1341,0,9,2017,97636.4284477234,1682.33725336634
1342,0,9,2017,10108.8538169861,424.051390732424
1343,0,10,2018,189325.212089539,2102.50288371659
1344,0,10,2018,561224.995643616,3786.52624170986
1345,0,5,2020,323517.949420929,3576.66594435233
1346,0,5,2020,398168.225799561,2780.80369411544
1347,0,3,2021,77470.2923278809,1484.07881289933
1348,0,3,2021,73895.4930419922,1537.66436292168
1349,0,10,2020,131395.850784302,1565.52519591466
1350,0,5,2017,186628.068126678,1865.42937636061
1351,0,5,2018,79130.2645874023,1226.31676942626
1352,0,5,2017,102207.24294281,1316.32653767348
1353,0,5,2017,127275.241607666,1569.81594515843
1354,0,4,2015,71363.1294555664,1284.24110844015
1355,0,5,2017,20041.8654022217,557.526032049423
1356,0,5,2017,264143.994049072,2222.09944719839
1357,0,5,2017,151390.370357513,1745.17437570211
1358,0,5,2017,246093.534393311,2237.15065545742
1359,0,3,2016,33496.704044342,956.713424863236
1360,0,5,2017,61854.3500900269,1292.03397261808
1361,0,5,2014,105480.884468079,1359.2434725774
1362,0,6,2018,93071.330581665,1490.66002409878
1363,0,5,2014,13535.5849594325,461.054693294895
1364,0,4,2023,464373.138736725,3233.89201325349
1365,0,5,2014,183316.437915802,2908.6642002427
1366,0,8,2016,93252.2766113281,1270.21273439825
1367,0,5,2017,191333.824127197,2608.0501590991
1368,0,5,2017,190962.220352173,2019.50801730032
1369,0,6,2016,130135.354290009,1564.17688852358
1370,0,6,2016,84596.6618614197,1357.83266619885
1371,0,5,2018,332376.473968506,3155.51885815146
1372,0,5,2017,68473.1149902344,1050.84328535168
1373,0,5,2017,43552.0295524597,913.847237181662
1374,0,4,2018,380551.353286743,2829.65446692343
1375,0,9,2018,236634.714805603,2043.48075706142
1376,0,6,2014,90201.0175628662,2006.00242226441
1377,0,10,2020,105300.695755005,1813.79414692933
1378,0,3,2015,64575.8484802246,1651.67330323634
1379,0,5,2015,31074.9396820068,1119.80281639252
1380,0,5,2015,57533.2445983887,1430.64290901673
1381,0,3,2021,32887.2085113525,819.243382436376
1382,0,10,2021,30046.2009277344,703.589061315275
1383,0,7,2019,842192.923526287,4302.9855028053
1384,0,3,2011,64019.3580932617,1182.95215307732
1385,0,9,2014,26374.6979827881,690.704126231956
1386,0,6,2014,311572.009658813,2978.16089480809
1387,0,9,2014,291847.540756226,2407.03901484574
1388,0,6,2019,33051.9540863037,791.998438394457
1389,0,10,2014,267438.919956207,2449.68918342025
1390,0,4,2019,14294.508895874,596.918655597513
1391,0,9,2023,49029.8216400146,1464.14382567487
1392,0,9,2023,67848.5790252686,1403.381635678
1393,0,9,2023,82112.749130249,1114.79566517007
1394,0,9,2023,490721.246398926,4791.17501600584
1395,0,6,2023,79338.2025985718,1423.21097165607
1396,0,6,2023,428612.464691162,3297.82435963061
1397,0,4,2023,312470.344947815,2876.60389465769
1398,0,4,2023,236894.871627808,2318.66063395706
1399,0,3,2024,423220.948158264,3960.68341447521
1400,0,4,2024,289907.612075806,2155.25214644026
1401,0,4,2024,306492.717964172,2337.20145063405
1402,0,3,2024,88722.0905609131,1216.73956167509
1403,0,3,2024,164414.830154419,1631.13800241439
1404,0,3,2024,138312.888404846,1541.43313938165
1405,0,3,2024,84940.6633911133,1417.49706415699
1406,0,4,2024,832144.66809082,3992.34868650553
1407,0,9,2023,489503.946723938,4467.11619815849
1408,0,9,2023,307570.664428711,2271.43222547889
1409,0,4,2023,350986.735429764,2496.42793838339
1410,0,4,2023,106355.24495697,1306.03057051279
1411,0,4,2023,134886.524499893,1537.99525332169
1412,0,5,2023,25866.3056983948,705.606244715707
1413,0,5,2023,68154.328994751,1609.03487842317
1414,0,4,2023,35695.4323234558,721.900328128923
1415,0,5,2023,37532.4821434021,956.695936470819
1416,0,9,2019,25664.3788471222,672.24487283898
1417,0,9,2019,37669.6733551025,1032.99697022303
